,B,C,E,E_se,M,M_se,S,T,X,type
0,0.6666666666666667,0.0,-1.5,0.0,1.0,0.0,0.08578467724621548,0.2,0.0,"1.5D, 6x2x1 spins"
1,0.6666666666666667,0.0,-1.5,0.0,1.0,0.0,0.08578467724621548,0.30000000000000004,0.0,"1.5D, 6x2x1 spins"
2,0.6666666666666667,0.0,-1.5,0.0,1.0,0.0,0.08578467724621677,0.4000000000000001,0.0,"1.5D, 6x2x1 spins"
3,0.6666666666666667,0.0,-1.5,0.0,1.0,0.0,0.08578467724621613,0.5000000000000001,0.0,"1.5D, 6x2x1 spins"
4,0.666655257114626,0.0002545362654320988,-1.4998166666666668,2.7633587529598128e-05,0.9999388888888889,0.003190838544534015,0.08626958307940281,0.6000000000000001,1.6969084362139917e-05,"1.5D, 6x2x1 spins"
5,0.6665672375326197,0.0014844638093663388,-1.4985819444444444,7.785634892761234e-05,0.9995069444444445,0.009597812632587016,0.08902639964480559,0.7000000000000002,0.0001315971533289241,"1.5D, 6x2x1 spins"
6,0.6661305250927256,0.004319456874517743,-1.494963888888889,0.00015178041806577757,0.9979027777777777,0.024949018233238543,0.0960171373336371,0.8000000000000003,0.0007780668885030863,"1.5D, 6x2x1 spins"
7,0.6655410834312174,0.00690474233158055,-1.4898972222222222,0.00021588746868023977,0.9957083333333333,0.03637011549233692,0.10464659100413945,0.9000000000000001,0.0014697614454732512,"1.5D, 6x2x1 spins"
8,0.6631809553212744,0.01384418803819444,-1.4755708333333333,0.00033966041138404584,0.11748750000000001,0.983522426419284,0.1264634573304224,1.0000000000000002,0.9673163632696757,"1.5D, 6x2x1 spins"
9,0.661234185101971,0.018754454186753894,-1.4597125,0.0004348666335303386,0.8416097222222222,0.5111250947645507,0.14830225351187915,1.1000000000000003,0.23749896590733716,"1.5D, 6x2x1 spins"
10,0.6563954616647483,0.0265739314222715,-1.4348152777777778,0.0005647033154520572,0.010884722222222221,0.9740550000859888,0.17959540797149814,1.2000000000000004,0.7906526193270961,"1.5D, 6x2x1 spins"
11,0.6435297696732669,0.04176454812143873,-1.3765875,0.0007669347783774584,0.44423194444444447,0.8373991746373148,0.2469070475884726,1.3000000000000003,0.5394133674486585,"1.5D, 6x2x1 spins"
12,0.6329084296363816,0.04764814789619548,-1.3249777777777778,0.0008821902106694026,0.06186111111111111,0.9232762011840442,0.302136207984482,1.4000000000000004,0.6088849597663138,"1.5D, 6x2x1 spins"
13,0.616498325388777,0.055378028497085015,-1.2629597222222222,0.0010189929770167234,0.0077125,0.8967237222302177,0.3639152816671418,1.5000000000000004,0.536075622673611,"1.5D, 6x2x1 spins"
14,0.6016077669950105,0.0567012180801203,-1.2049180555555556,0.0010998345630183583,0.0834375,0.866101305062397,0.4179950559299092,1.6000000000000003,0.46883216914424186,"1.5D, 6x2x1 spins"
15,0.5803983457880344,0.058197644912213214,-1.1368833333333332,0.0011838939824482385,0.08867222222222222,0.8327624244192885,0.47753661401488223,1.7000000000000004,0.4079372091321713,"1.5D, 6x2x1 spins"
16,0.558792253661638,0.055890148218997654,-1.0677819444444443,0.001228432569293521,0.14120416666666666,0.7911001153932614,0.5345501448547333,1.8000000000000005,0.34768855143068417,"1.5D, 6x2x1 spins"
17,0.5376925004586735,0.05195349398960361,-1.0082055555555556,0.0012501789080293377,0.0059722222222222225,0.7732420199721542,0.5810438692662928,1.9000000000000006,0.3146859060266406,"1.5D, 6x2x1 spins"
18,0.49392418149231876,0.04851130754436725,-0.9250361111111111,0.0012716355847048895,0.014852777777777777,0.7238200785439673,0.6426167331753208,2.000000000000001,0.26195775305169744,"1.5D, 6x2x1 spins"
19,0.4865365865300393,0.0455922763286127,-0.8877013888888889,0.0012944226967368502,0.047601388888888894,0.7095395523114743,0.6689068208267688,2.1000000000000005,0.23973636966398437,"1.5D, 6x2x1 spins"
20,0.45626241983728755,0.04127657362410401,-0.8315736111111112,0.001290285114410571,0.007106944444444444,0.6789525570126361,0.7065901159156547,2.200000000000001,0.2095348066699985,"1.5D, 6x2x1 spins"
21,0.4323483767505135,0.03696425960786714,-0.7918638888888889,0.0012765270686742683,0.020875,0.6543167719680612,0.7320644822163319,2.3000000000000007,0.18614366872987115,"1.5D, 6x2x1 spins"
22,0.41707404828642336,0.03341936335861141,-0.7445291666666667,0.0012665475944748745,0.06160972222222222,0.6299565178247805,0.761137034241307,2.400000000000001,0.16535217264580115,"1.5D, 6x2x1 spins"
23,0.3997048476070215,0.030182795362654304,-0.7084097222222222,0.0012538076774711822,0.0074958333333333335,0.6138377812923363,0.7824150161213367,2.500000000000001,0.15071872869675917,"1.5D, 6x2x1 spins"
24,0.3716138708025247,0.027402932018580142,-0.6754291666666666,0.0012424618175118096,0.004568055555555555,0.592598806808961,0.801081362900059,2.600000000000001,0.135066671473617,"1.5D, 6x2x1 spins"
25,0.35943347863253206,0.02528370433771103,-0.6540527777777777,0.0012393537987588266,0.004316666666666667,0.5815204971547531,0.8127230961111136,2.700000000000001,0.12524669948559666,"1.5D, 6x2x1 spins"
26,0.3276926981741558,0.02243750016509785,-0.6040652777777777,0.001210755505264037,0.03975416666666667,0.5503861647122981,0.8389560293756905,2.800000000000001,0.10818747510954026,"1.5D, 6x2x1 spins"
27,0.31789768647289873,0.020823940832305734,-0.5803194444444445,0.001208065953715,0.03145277777777778,0.5410000860817233,0.8509800796930009,2.9000000000000012,0.10092451487601103,"1.5D, 6x2x1 spins"
28,0.3046750859463421,0.01939448576045952,-0.5598694444444444,0.0012060673918521628,0.0013388888888888888,0.5327414806022909,0.8609840090124526,3.000000000000001,0.09460449505144032,"1.5D, 6x2x1 spins"
29,0.29136851675787323,0.01727143128279922,-0.5354013888888889,0.0011760804882922752,0.012304166666666666,0.5163114783421187,0.8725608718459037,3.100000000000001,0.08599275569929807,"1.5D, 6x2x1 spins"
30,0.27812267550989855,0.016054264285994158,-0.5157138888888889,0.0011704594406467149,0.010994444444444446,0.5053175129144295,0.8815799882415821,3.200000000000001,0.07979555901813268,"1.5D, 6x2x1 spins"
31,0.2810423048534957,0.015566583022813706,-0.5109736111111111,0.0011885618122953717,0.0036430555555555556,0.5083337125662672,0.8836847249402485,3.300000000000001,0.07830398888830432,"1.5D, 6x2x1 spins"
32,0.24778917810203838,0.013740377608505267,-0.47362777777777776,0.0011505074562330015,0.02408333333333333,0.4814191910383299,0.8997714872072139,3.4000000000000012,0.06816601102941174,"1.5D, 6x2x1 spins"
33,0.25821680985801443,0.01281577880936633,-0.4618847222222222,0.001143804320032715,0.003626388888888889,0.48139029676775275,0.9046831414636297,3.5000000000000013,0.06621046223489857,"1.5D, 6x2x1 spins"
34,0.24239073864957683,0.012425276943658543,-0.45327500000000004,0.001158421811240432,0.0007722222222222222,0.4771116376530242,0.9081827662743186,3.6000000000000014,0.06323208743998628,"1.5D, 6x2x1 spins"
35,0.2411310951446065,0.011190923617310994,-0.4323444444444444,0.001129915266105886,0.009825,0.46420605949437616,0.9164573076982028,3.7000000000000015,0.05823980153278277,"1.5D, 6x2x1 spins"
36,0.23064597161359868,0.010741172360592778,-0.4259097222222222,0.0011368957054878465,0.0047708333333333335,0.46085937065408134,0.9189333056994914,3.8000000000000016,0.055892463031493644,"1.5D, 6x2x1 spins"
37,0.2175489904653818,0.009785054707348147,-0.4112777777777778,0.00111367231253477,0.012469444444444444,0.449240690655279,0.9244172004161558,3.9000000000000012,0.05174799952318769,"1.5D, 6x2x1 spins"
38,0.20737450699400817,0.009218280193745173,-0.3997486111111111,0.0011086542601061857,0.00010138888888888889,0.44301182880486834,0.9286287794368963,4.000000000000001,0.04906487011525848,"1.5D, 6x2x1 spins"
39,0.17203942139219242,0.005653546813580247,-0.3139388888888889,0.00108527971882665,0.019216666666666667,0.4071458666857117,0.9564831630966595,5.0,0.03315355135185186,"1.5D, 6x2x1 spins"
40,0.14750389046973889,0.003725172417481138,-0.25926944444444444,0.001057147595302091,0.0006638888888888889,0.37939098857841386,0.9709429081011547,6.0,0.023989587035751027,"1.5D, 6x2x1 spins"
41,0.11343964110856264,0.0026352955385093853,-0.2188097222222222,0.0010373466050254483,0.0070236111111111115,0.36041639036330664,0.9799765215282341,7.0,0.018557139206073634,"1.5D, 6x2x1 spins"
42,0.11702317229268189,0.0020615313366849925,-0.19321944444444447,0.0010485668991548319,0.006627777777777778,0.3552516822576827,0.9849210260164,8.0,0.0157754697183642,"1.5D, 6x2x1 spins"
43,0.1018255977614253,0.001597272748056698,-0.16766666666666666,0.0010383487322052991,0.0096,0.3439718539303707,0.9892731282266496,9.0,0.013146292921810698,"1.5D, 6x2x1 spins"
44,0.10418756280952468,0.0012885204817708333,-0.14914583333333334,0.0010362316421900222,0.010304166666666666,0.3378199170734724,0.992093563635869,10.0,0.011412229637152778,"1.5D, 6x2x1 spins"
45,0.09280380006068134,0.0005574613887517148,-0.0995888888888889,0.0010223741068299075,0.002747222222222222,0.3188961705396861,0.9980515268018364,15.0,0.006779651172325104,"1.5D, 6x2x1 spins"
46,0.08717304918028523,0.00030781972822145067,-0.07643611111111111,0.0010129532621781865,0.0009527777777777778,0.3127906346158642,1.0,20.0,0.004891899055169753,"1.5D, 6x2x1 spins"
0,0.6666666666666667,0.0,-1.5,0.0,1.0,0.0,0.0627941897694602,0.2,0.0,"1.5D, 8x2x1 spins"
1,0.6666666666666667,0.0,-1.5,0.0,1.0,0.0,0.06279418976945893,0.30000000000000004,0.0,"1.5D, 8x2x1 spins"
2,0.6666666666666667,0.0,-1.5,0.0,1.0,0.0,0.06279418976946148,0.4000000000000001,0.0,"1.5D, 8x2x1 spins"
3,0.6666666666666667,0.0,-1.5,0.0,1.0,0.0,0.0627941897694602,0.5000000000000001,0.0,"1.5D, 8x2x1 spins"
4,0.6666618608184967,0.00010251214599609371,-1.4999015625,1.5187289754175162e-05,0.9999671875,0.0020249656391760702,0.06305455114012062,0.6000000000000001,6.834143066406251e-06,"1.5D, 8x2x1 spins"
5,0.6665967937426673,0.0010017078869878021,-1.49871796875,5.538726909078479e-05,0.99955703125,0.007812441835720983,0.06569721100157021,0.7000000000000002,8.719178205217631e-05,"1.5D, 8x2x1 spins"
6,0.6646628596151464,0.004755011459350582,-1.493478125,0.00013791361322738159,0.9927453125,0.08098216900514177,0.07582153679597838,0.8000000000000003,0.008197639620971678,"1.5D, 8x2x1 spins"
7,0.6651219988612886,0.006406018632300104,-1.48788515625,0.0001800851798947359,0.99354296875,0.05576707723815659,0.08534737851479957,0.9000000000000001,0.0034555187818739136,"1.5D, 8x2x1 spins"
8,0.6626221921355226,0.010847706210937495,-1.47618125,0.0002603816190892353,0.5548640625,0.8189600714982971,0.10317061088214283,1.0000000000000002,0.6706955987084958,"1.5D, 8x2x1 spins"
9,0.660275596290511,0.015469108955320235,-1.45536875,0.0003420319687343305,0.3971953125,0.8969702393560932,0.1318318791234396,1.1000000000000003,0.7314141911732063,"1.5D, 8x2x1 spins"
10,0.6471985555732147,0.027647618601057248,-1.41105859375,0.00049882875077303,0.05103046875,0.9542926723706963,0.1875250223698973,1.2000000000000004,0.7588954204503372,"1.5D, 8x2x1 spins"
11,0.6411783118514283,0.031888663492958914,-1.37698984375,0.0005803672228060323,0.50340859375,0.7946837535821387,0.22690868957685678,1.3000000000000003,0.4857863601595363,"1.5D, 8x2x1 spins"
12,0.6175678542003686,0.04054288016058472,-1.3070140625,0.0007047363947255924,0.0026453125,0.8991659733521267,0.30179193792784764,1.4000000000000004,0.577499605453055,"1.5D, 8x2x1 spins"
13,0.5968499423519111,0.04410767090277774,-1.2439625,0.000787570948388337,0.0030046875,0.8636713938417362,0.36460053601433484,1.5000000000000004,0.4972855176936848,"1.5D, 8x2x1 spins"
14,0.5641052785204665,0.0460489890203476,-1.1504171875,0.0008583638093799415,0.1118421875,0.803148660216597,0.45176049667489554,1.6000000000000003,0.40315485650482175,"1.5D, 8x2x1 spins"
15,0.5242879799907045,0.04467215627618808,-1.0776234375,0.0008982738256443906,0.04925,0.7609541348284402,0.5154669858362827,1.7000000000000004,0.3406183501838234,"1.5D, 8x2x1 spins"
16,0.499924483601504,0.040789929506466684,-1.01692421875,0.0009088461008408792,0.02404296875,0.7267299955519495,0.5655481323342576,1.8000000000000005,0.2934091591305202,"1.5D, 8x2x1 spins"
17,0.48157561245881864,0.03877337341410035,-0.9737203125,0.0009353233159401609,0.0633921875,0.7021522332720768,0.5992646859581546,1.9000000000000006,0.2594830308889288,"1.5D, 8x2x1 spins"
18,0.43626579590881953,0.034208338231811505,-0.8919859375,0.0009247777034950312,0.0285890625,0.6527443937946699,0.6597751244032033,2.000000000000001,0.21303762181518546,"1.5D, 8x2x1 spins"
19,0.4058109859900416,0.031641176222889866,-0.84622265625,0.0009338711743942346,0.02281640625,0.625315246655305,0.6920003722065539,2.1000000000000005,0.18619959890456422,"1.5D, 8x2x1 spins"
20,0.36688371802968145,0.02771917290805783,-0.791,0.0009157020373230761,0.011365625,0.587956706053566,0.7290759831331058,2.200000000000001,0.15713322190607237,"1.5D, 8x2x1 spins"
21,0.3534370779949685,0.025508434689844473,-0.7577453125,0.0009183560818358067,0.0069078125,0.5729981601204883,0.7504093504593442,2.3000000000000007,0.14275082239194117,"1.5D, 8x2x1 spins"
22,0.3116280319497837,0.02230494227674271,-0.71353515625,0.0008960931539779316,0.00504609375,0.5399936937424513,0.7775628227365512,2.400000000000001,0.1214971622006734,"1.5D, 8x2x1 spins"
23,0.3372747087213501,0.021452473452734364,-0.7027828125,0.0009154192928382311,0.032690625,0.5487329820022753,0.7838970335473583,2.500000000000001,0.12044315421484368,"1.5D, 8x2x1 spins"
24,0.29706123422538777,0.01902295518466564,-0.6469671875,0.0008965070439392113,0.0196890625,0.5125878707040101,0.815487581200993,2.600000000000001,0.10105627892033499,"1.5D, 8x2x1 spins"
25,0.2798836935722506,0.017321397986057512,-0.619165625,0.0008883755558936197,0.0058671875,0.4976632406666579,0.8306285095943611,2.700000000000001,0.09172914855957028,"1.5D, 8x2x1 spins"
26,0.27250286078810615,0.015923321370961703,-0.6087671875,0.0008833162648365377,0.0037578125,0.4907463424165429,0.8360855041828757,2.800000000000001,0.08601141878400526,"1.5D, 8x2x1 spins"
27,0.2503815907832867,0.014915160961826959,-0.5808078125,0.0008854281721009785,0.006646875,0.4776361458293692,0.8502431430040256,2.9000000000000012,0.07866768544921873,"1.5D, 8x2x1 spins"
28,0.23321317746648496,0.013442871358235672,-0.5545390625,0.0008695781965641483,0.0105765625,0.4600089711225028,0.8630935448773919,3.000000000000001,0.0705360845043945,"1.5D, 8x2x1 spins"
29,0.2280852530894547,0.012465624209845589,-0.53544609375,0.0008652867926945154,0.01878515625,0.4529078668707501,0.8721272288086817,3.100000000000001,0.06616952770110097,"1.5D, 8x2x1 spins"
30,0.22760044525043177,0.011410409800946705,-0.51952265625,0.0008545588285501684,0.00334609375,0.4440918961773185,0.8794219760458527,3.200000000000001,0.061630503828239425,"1.5D, 8x2x1 spins"
31,0.19673277416861046,0.010863422734984782,-0.499328125,0.0008598815797113994,0.019759375,0.4316160094338594,0.8883885752678433,3.300000000000001,0.056452236242305866,"1.5D, 8x2x1 spins"
32,0.1904436798502397,0.010080018397928513,-0.47612109375,0.0008533966727361269,0.00296171875,0.42350762530419195,0.8983850316679088,3.4000000000000012,0.05275256137964582,"1.5D, 8x2x1 spins"
33,0.1923131011076289,0.009005349081433349,-0.4529015625,0.0008303471251677927,0.022384375,0.40569230266713147,0.9080968404008659,3.5000000000000013,0.04702464126953124,"1.5D, 8x2x1 spins"
34,0.17189577393047029,0.008690406612772997,-0.44333515625,0.00083900377542682,0.01080078125,0.40387677402041783,0.9119853320150576,3.6000000000000014,0.045310124609205436,"1.5D, 8x2x1 spins"
35,0.1875390435638552,0.008347814283171731,-0.4413609375,0.0008451415998256774,0.0071328125,0.4091441404607181,0.912765806034647,3.7000000000000015,0.04524295342522697,"1.5D, 8x2x1 spins"
36,0.1620683026002231,0.007642034049670776,-0.4214859375,0.0008304805136754026,0.00879375,0.39154518372524716,0.9204134493323891,3.8000000000000016,0.040344113394325656,"1.5D, 8x2x1 spins"
37,0.16908923626545547,0.007386306300176431,-0.4076765625,0.0008379529409176821,0.005465625,0.3934552592174355,0.9255890539070559,3.9000000000000012,0.03969411307842547,"1.5D, 8x2x1 spins"
38,0.18109081129662186,0.007040275639495846,-0.4110734375,0.0008390661262077984,0.0068296875,0.3964203053498298,0.924348183001144,4.000000000000001,0.03928726462341307,"1.5D, 8x2x1 spins"
39,0.13010881140036779,0.004124246663964844,-0.3103609375,0.0008027562325228701,0.0078046875,0.34775286570066877,0.9570401034698882,5.0,0.02418641112060547,"1.5D, 8x2x1 spins"
40,0.08795632815311938,0.002844697407887777,-0.26046640625,0.0008000380723162379,0.00038984375,0.32883397272119036,0.9702369121502281,6.0,0.018021963602600097,"1.5D, 8x2x1 spins"
41,0.07664249361512321,0.002018513299672652,-0.21526640625,0.0007862401424561772,0.00072734375,0.31477695208642475,0.9803289074600656,7.0,0.014154932794974193,"1.5D, 8x2x1 spins"
42,0.08609668358879685,0.0015465449569320678,-0.1873296875,0.0007865251738878956,0.007084375,0.3038310191428113,0.985726786781405,8.0,0.01153916102416992,"1.5D, 8x2x1 spins"
43,0.06271444608286159,0.0011881667025643809,-0.1665578125,0.000775572790027101,0.0055796875,0.297090579453308,0.9892646144056545,9.0,0.009806979155544704,"1.5D, 8x2x1 spins"
44,0.07624179773141926,0.0009436597414489747,-0.14860859375,0.0007679785313402407,0.00540703125,0.29100405782275873,0.9919980017872694,10.0,0.008468336166931153,"1.5D, 8x2x1 spins"
45,0.07137905205321793,0.0004250241836371527,-0.105634375,0.0007731067156785067,0.00333125,0.27895283476501453,0.9971645594769944,15.0,0.0051876456015625,"1.5D, 8x2x1 spins"
46,0.055073189929112365,0.0002328977182067871,-0.0719421875,0.0007630517246992885,0.00031875,0.26652988509440645,1.0,20.0,0.0035519089824218746,"1.5D, 8x2x1 spins"
0,0.4372275824882068,3.499510000000001e-05,-1.099986,2.6455727159303297e-06,0.375801,0.18036409952925775,2.4546084903068595,0.2,0.16265604199499997,"1.5D, 10x2x1 spins"
1,0.6666666666666667,0.0,-1.5,0.0,1.0,0.0,0.05003259828119989,0.30000000000000004,0.0,"1.5D, 10x2x1 spins"
2,0.6666666666666667,0.0,-1.5,0.0,1.0,0.0,0.05003259828120181,0.4000000000000001,0.0,"1.5D, 10x2x1 spins"
3,0.6666608923859659,0.00017271705599999985,-1.4998559999999999,1.4693447501760686e-05,0.9999520000000001,0.0021903643532526725,0.050500031474449175,0.5000000000000001,9.595391999999994e-06,"1.5D, 10x2x1 spins"
4,0.666657044776501,0.00019983999999999996,-1.49976,1.8966122391490383e-05,0.99992,0.0028272955275315667,0.05075394580164557,0.6000000000000001,1.3322666666666665e-05,"1.5D, 10x2x1 spins"
5,0.6666257678832403,0.0006201423979591831,-1.498985,3.897892343026367e-05,0.999661,0.005829672289245769,0.05248432110366428,0.7000000000000002,4.855011285714284e-05,"1.5D, 10x2x1 spins"
6,0.6633494846983263,0.005477097060937496,-1.490859,0.00013238881459168346,0.4878,0.865414732946002,0.06818522275848178,0.8000000000000003,0.9361783249999998,"1.5D, 10x2x1 spins"
7,0.6656233721509581,0.005244645054012343,-1.4875025000000002,0.00014574264534906507,0.9946675,0.03251329641469779,0.07390195195158157,0.9000000000000001,0.0011745716041666665,"1.5D, 10x2x1 spins"
8,0.6599633165787634,0.010715695993749991,-1.4696775,0.0002314708358789273,0.3265825,0.927805055328839,0.10104665989453009,1.0000000000000002,0.8608222206937498,"1.5D, 10x2x1 spins"
9,0.6532880738115825,0.016906586151859495,-1.4439724999999999,0.00031982082115700075,0.06286850000000001,0.9667199189567525,0.1364454779193969,1.1000000000000003,0.8495885470070452,"1.5D, 10x2x1 spins"
10,0.6431442966809369,0.02293505354010415,-1.4056985,0.0004063658587465312,0.5079435,0.7982115326201134,0.18455181617260302,1.2000000000000004,0.530951375673125,"1.5D, 10x2x1 spins"
11,0.6212661860495985,0.02988668428979288,-1.3510505,0.0005025373070404572,0.1510305,0.8955439900249177,0.24772521248229853,1.3000000000000003,0.6169223369767305,"1.5D, 10x2x1 spins"
12,0.5915613857653998,0.0360786557530612,-1.272918,0.0005946197055622787,0.050263999999999996,0.8558781048163342,0.3313372179114451,1.4000000000000004,0.5232338073599998,"1.5D, 10x2x1 spins"
13,0.5619913348321641,0.036776087582111094,-1.2117155,0.0006432208438507102,0.2631595,0.7706781608166603,0.3923038787200213,1.5000000000000004,0.39596321837316656,"1.5D, 10x2x1 spins"
14,0.5362061822135724,0.0366019833984375,-1.14465,0.0006844762450506595,0.008691,0.7745428112886983,0.4547915243909984,1.6000000000000003,0.374947854074375,"1.5D, 10x2x1 spins"
15,0.5090346692088568,0.03395620629723182,-1.0793490000000001,0.0007004781469419098,0.051465000000000004,0.7316699076598682,0.5119406264598948,1.7000000000000004,0.3149063845735293,"1.5D, 10x2x1 spins"
16,0.45770606672236513,0.032454014665432095,-1.006978,0.0007250914882746397,0.010454,0.6796340293746332,0.5716518176060736,1.8000000000000005,0.25661245215777767,"1.5D, 10x2x1 spins"
17,0.4442196822708281,0.028881540981648177,-0.9604324999999999,0.0007220210670685839,0.0310755,0.6533918910575414,0.607976168409448,1.9000000000000006,0.2246952438419736,"1.5D, 10x2x1 spins"
18,0.38113911322445815,0.02579308879974998,-0.8888489999999999,0.0007182369771299558,0.062372000000000004,0.5944143618857135,0.6609716060136522,2.000000000000001,0.17666421680799987,"1.5D, 10x2x1 spins"
19,0.35271286682883185,0.02296681216955781,-0.8409635,0.0007116324475756092,0.0250955,0.5659937860787431,0.6946912620684144,2.1000000000000005,0.15254712660940473,"1.5D, 10x2x1 spins"
20,0.33816221059622176,0.021707926762345026,-0.7995705,0.0007247995959718946,0.0257135,0.5499651497301896,0.7224818622911766,2.200000000000001,0.13748257541715903,"1.5D, 10x2x1 spins"
21,0.32656930382495775,0.019475295788232504,-0.7608805000000001,0.0007177214983679228,0.0484855,0.5287418143950315,0.7473020619052053,2.3000000000000007,0.12155126360423907,"1.5D, 10x2x1 spins"
22,0.29204358363209804,0.01797529081093749,-0.7173269999999999,0.0007195074452775447,0.02529,0.5026658093604537,0.7740522219394247,2.400000000000001,0.10528038162499996,"1.5D, 10x2x1 spins"
23,0.2564479242384039,0.01613820461435999,-0.6769355,0.0007101559095056726,0.0148305,0.4742465669562089,0.7978468737765851,2.500000000000001,0.08996392250789995,"1.5D, 10x2x1 spins"
24,0.2447031120799964,0.014933402282692293,-0.655413,0.0007104586693908412,0.001908,0.4642787519755777,0.8100281861219247,2.600000000000001,0.08290567674461535,"1.5D, 10x2x1 spins"
25,0.23878291328765655,0.01397764702328531,-0.6274244999999999,0.0007137841280370819,0.0055135,0.4593197702230441,0.8252709220054847,2.700000000000001,0.07813875974731478,"1.5D, 10x2x1 spins"
26,0.20795864625616423,0.012284855505612237,-0.589406,0.0006939515427345906,0.00399,0.42959234152857056,0.8452226454027204,2.800000000000001,0.06591056424999996,"1.5D, 10x2x1 spins"
27,0.21168018860157012,0.011464434251813307,-0.5716935000000001,0.0006943211581812147,0.0062045,0.4256744697298043,0.8541916290663256,2.9000000000000012,0.06248232902749998,"1.5D, 10x2x1 spins"
28,0.17217915059459277,0.01055683491155555,-0.544786,0.0006892459258637164,0.025174000000000002,0.40406282893134327,0.8673545008591445,3.000000000000001,0.05442225657466665,"1.5D, 10x2x1 spins"
29,0.16854027554480266,0.009802025046175852,-0.5294175,0.000686286863066052,0.007990500000000001,0.39664316697725926,0.8746259824875855,3.100000000000001,0.05075025868056449,"1.5D, 10x2x1 spins"
30,0.17861131852005585,0.009077857542871088,-0.513181,0.0006817540833307498,0.010453,0.39684295986069856,0.8820641479915058,3.200000000000001,0.04921385462218748,"1.5D, 10x2x1 spins"
31,0.16621950744694391,0.008587297116620747,-0.49188,0.0006837987027651703,0.00878,0.3865748460518351,0.8915220317949548,3.300000000000001,0.045284882303030294,"1.5D, 10x2x1 spins"
32,0.1410733814933236,0.00786400143589965,-0.470451,0.0006741969709979262,0.0012670000000000001,0.3706979831493557,0.9007525991126512,3.4000000000000012,0.040416763150294105,"1.5D, 10x2x1 spins"
33,0.16845736573865033,0.007285251240795914,-0.4666755,0.0006679999024087489,0.015032499999999999,0.3763385097804236,0.9023317409771657,3.5000000000000013,0.04046590684107142,"1.5D, 10x2x1 spins"
34,0.13700969616211334,0.007059944012345672,-0.44484,0.0006763776012208691,0.001522,0.36595134036644816,0.9112072953308898,3.6000000000000014,0.03720010653222221,"1.5D, 10x2x1 spins"
35,0.159765151046391,0.006522857231099338,-0.4350975,0.0006682004264648442,0.0045655,0.36181626028932146,0.9150588280629388,3.7000000000000015,0.03538135302966216,"1.5D, 10x2x1 spins"
36,0.14219439788274513,0.006247211422714676,-0.420084,0.0006716032459529956,0.008958,0.3607487411426407,0.920835828951022,3.8000000000000016,0.0342472774305263,"1.5D, 10x2x1 spins"
37,0.12574139724839928,0.005877723391831029,-0.41301449999999995,0.0006685829035835757,0.0031274999999999996,0.35472477886912557,0.9234854011829735,3.9000000000000012,0.03226401762660256,"1.5D, 10x2x1 spins"
38,0.11773568646485477,0.005505296868109372,-0.3999895,0.0006636459534861249,5.05e-05,0.34189976228384544,0.9282434048038029,4.000000000000001,0.029223861862437497,"1.5D, 10x2x1 spins"
39,0.0833265453537011,0.00337363359375,-0.3108125,0.0006493891804998669,0.0097205,0.30932969770093205,0.9571908283276077,5.0,0.019136972375950002,"1.5D, 10x2x1 spins"
40,0.09988497267275687,0.002236219546416666,-0.258573,0.0006344458455712787,0.003393,0.2938036547611346,0.9710078673855028,6.0,0.014386764591833332,"1.5D, 10x2x1 spins"
41,0.07734501971783359,0.0016406822765510207,-0.21814300000000003,0.0006340103844582028,0.003184,0.2831802643970798,0.980034844606227,7.0,0.01145586602057143,"1.5D, 10x2x1 spins"
42,0.0675411207320491,0.0012106373304843752,-0.18779300000000002,0.000622419378541843,0.002223,0.27101486725085766,0.9858990135112691,8.0,0.009181132283875001,"1.5D, 10x2x1 spins"
43,0.06227218039213889,0.0009574915837006173,-0.1693205,0.000622724682607733,0.0018035,0.2687599251892848,0.9890452158059077,9.0,0.008025766376416665,"1.5D, 10x2x1 spins"
44,0.05797070854350206,0.0007629286650975,-0.1513905,0.0006176295328754523,0.0009175000000000001,0.25986421106753044,0.9917756764702389,10.0,0.006752940819375001,"1.5D, 10x2x1 spins"
45,0.04053045065954164,0.00033448211501777784,-0.101739,0.0006134282850230371,0.0038129999999999995,0.24668068637613277,0.9977450075387972,15.0,0.004056757402066666,"1.5D, 10x2x1 spins"
46,0.042427128577207096,0.00019087124216000004,-0.074944,0.0006178546698390854,0.0016480000000000002,0.24088666234559358,1.0,20.0,0.0029013192048,"1.5D, 10x2x1 spins"
0,0.6666666666666667,0.0,-1.5,0.0,1.0,0.0,-0.25454024126645225,0.2,0.0,"1.5D, 12x2x1 spins"
1,0.4636613734180276,0.30949726948168504,-1.3358024305555556,0.00034067867506953003,0.5512927083333333,0.5190680541869123,0.7324890052482206,0.30000000000000004,0.898105482924624,"1.5D, 12x2x1 spins"
2,0.6666666666666667,0.0,-1.5,0.0,1.0,0.0,0.04156853268795037,0.4000000000000001,0.0,"1.5D, 12x2x1 spins"
3,0.6666634785820751,9.371484374999998e-05,-1.4999062500000002,9.880285201166947e-06,0.99996875,0.001613440455723937,0.04187285117313645,0.5000000000000001,5.20638020833333e-06,"1.5D, 12x2x1 spins"
4,0.6666418659019012,0.0004949945130315499,-1.499288888888889,2.724875893092972e-05,0.9997611111111112,0.004507028119408154,0.04350573483110646,0.6000000000000001,3.385550411522634e-05,"1.5D, 12x2x1 spins"
5,0.6666217814170667,0.0006312710921752955,-1.4987756944444444,3.590056429549609e-05,0.999582638888889,0.006085758609333782,0.044651565788267726,0.7000000000000002,5.2909225501543204e-05,"1.5D, 12x2x1 spins"
6,0.6665033754310739,0.0015289116482204853,-1.4962541666666667,6.38522882641331e-05,0.9986576388888889,0.011784775645626305,0.04952361349424563,0.8000000000000003,0.00017360117127218356,"1.5D, 12x2x1 spins"
7,0.658854739549644,0.008019509634196146,-1.4792934027777778,0.00016451734799174258,0.6320572916666667,0.7543396196435405,0.07841087524335712,0.9000000000000001,0.6322536241821792,"1.5D, 12x2x1 spins"
8,0.6586476028129638,0.008101360068962187,-1.4731381944444444,0.0001837275363226957,0.08944652777777778,0.9783397875813882,0.08778430203361454,1.0000000000000002,0.9571487399647955,"1.5D, 12x2x1 spins"
9,0.6442941624168668,0.016357310438666964,-1.4367291666666666,0.00028717320629454514,0.13795555555555555,0.9443153081812407,0.13792382931499458,1.1000000000000003,0.8106649102413013,"1.5D, 12x2x1 spins"
10,0.6408221608501778,0.01785095897960269,-1.410209375,0.0003272708360875594,0.45460243055555555,0.825042699115908,0.17125638061146786,1.2000000000000004,0.5672462128037187,"1.5D, 12x2x1 spins"
11,0.6090735374536891,0.02588627039473983,-1.3396159722222223,0.0004269464215525039,0.29806805555555554,0.8340220037719921,0.2528627524920587,1.3000000000000003,0.5350713098275759,"1.5D, 12x2x1 spins"
12,0.5783865463684441,0.029133353401951043,-1.2758291666666668,0.0004877738999406792,0.24650833333333333,0.8009776768546328,0.32112298648455856,1.4000000000000004,0.45826088487103167,"1.5D, 12x2x1 spins"
13,0.5406775926217156,0.0297289184765089,-1.2030319444444444,0.0005279297036613755,0.08576041666666667,0.7784293974787216,0.39363969013275557,1.5000000000000004,0.403968217906057,"1.5D, 12x2x1 spins"
14,0.46933778494468836,0.02961652061556593,-1.1159097222222223,0.0005620594893140698,0.023955555555555553,0.7044185754976744,0.47481499714292236,1.6000000000000003,0.31012845594135796,"1.5D, 12x2x1 spins"
15,0.435781607598658,0.0277032314784361,-1.0391232638888888,0.0005775763750620252,0.011525347222222223,0.6561059866187495,0.542015761982676,1.7000000000000004,0.25322062686880153,"1.5D, 12x2x1 spins"
16,0.405395054444627,0.02527497768236161,-0.9967079861111111,0.0005841349334146181,0.028453819444444445,0.6262531080884983,0.5770113646260986,1.8000000000000005,0.21788497521694683,"1.5D, 12x2x1 spins"
17,0.37707415087281804,0.023009623148468748,-0.9354125,0.0005883064878335663,0.003552777777777778,0.5890787931417333,0.6248466814701191,1.9000000000000006,0.18263885501543203,"1.5D, 12x2x1 spins"
18,0.3273584970876312,0.020602318662923155,-0.8873010416666666,0.0005859807236060938,0.020271874999999998,0.5496481041107145,0.660465054253672,2.000000000000001,0.15105651917625137,"1.5D, 12x2x1 spins"
19,0.3079229434906988,0.01917987344735829,-0.8358572916666667,0.0005936595346327625,0.00873923611111111,0.5248341202336729,0.6966903323893741,2.1000000000000005,0.13116707321973967,"1.5D, 12x2x1 spins"
20,0.2617334033869577,0.01784315882307926,-0.78755,0.000599865431236593,0.003213888888888889,0.4913204120602957,0.7291230777944596,2.200000000000001,0.10972533968504485,"1.5D, 12x2x1 spins"
21,0.24644099001088926,0.015938472597791613,-0.7507052083333333,0.0005927157531027614,0.019413541666666666,0.47009639456923474,0.7527595493350122,2.3000000000000007,0.09608287834217112,"1.5D, 12x2x1 spins"
22,0.24812245248354547,0.014926042336462608,-0.7144722222222222,0.0005985202658937755,0.01785972222222222,0.46291911715314676,0.775013516914882,2.400000000000001,0.08928921209410363,"1.5D, 12x2x1 spins"
23,0.22252783173847834,0.01314031871973379,-0.6758114583333333,0.0005849762608985444,0.009970486111111112,0.43227499532431213,0.797788591286836,2.500000000000001,0.0747446686330536,"1.5D, 12x2x1 spins"
24,0.1858112135073,0.012092409591457434,-0.6473020833333333,0.0005836131332860182,0.011391666666666666,0.41337880386651543,0.8139243376752864,2.600000000000001,0.06572385980235038,"1.5D, 12x2x1 spins"
25,0.17673024058961528,0.011254120892166222,-0.6240114583333333,0.0005846754197459985,0.0006371527777777778,0.40736623606570266,0.8266085774679881,2.700000000000001,0.06146194455049546,"1.5D, 12x2x1 spins"
26,0.18063968414472942,0.010444942916427995,-0.5914423611111111,0.0005841257486894618,0.02356875,0.39804035325546305,0.8437005095293649,2.800000000000001,0.05658432957847634,"1.5D, 12x2x1 spins"
27,0.1448596577794411,0.009668929305883547,-0.5691548611111111,0.0005820797277839544,0.007006944444444444,0.37880634582456496,0.8549861114151859,2.9000000000000012,0.04948077504722753,"1.5D, 12x2x1 spins"
28,0.16616512625704294,0.008522535798169039,-0.5464552083333333,0.0005653285983241128,0.009450347222222223,0.37359406503331954,0.8660905476970922,3.000000000000001,0.046524175142706715,"1.5D, 12x2x1 spins"
29,0.1496827437919498,0.008036044538493829,-0.5259746527777778,0.0005672547553527838,7.118055555555556e-05,0.3625938904946817,0.8757807571165206,3.100000000000001,0.042411074007764255,"1.5D, 12x2x1 spins"
30,0.12625650997321514,0.007430813366501417,-0.5051895833333333,0.0005630713613830124,0.0029916666666666668,0.3459280612232356,0.8853026852745755,3.200000000000001,0.03739569485677082,"1.5D, 12x2x1 spins"
31,0.15681812906452286,0.007010042170973196,-0.4944625,0.0005639875786305307,0.007451388888888889,0.3520569976316396,0.8900656310384636,3.300000000000001,0.037558827145880075,"1.5D, 12x2x1 spins"
32,0.13931766925176847,0.00669147504027397,-0.4793895833333333,0.0005677212262375414,0.005015277777777777,0.34707836097267486,0.896558307876659,3.4000000000000012,0.03543040842808187,"1.5D, 12x2x1 spins"
33,0.13046574296537594,0.006078793494888113,-0.4617607638888889,0.0005570215831598731,0.0068940972222222225,0.3345008378821508,0.9039317436617711,3.5000000000000013,0.031968803012531674,"1.5D, 12x2x1 spins"
34,0.1432739915565352,0.005722440693577796,-0.4409107638888889,0.0005558894539454063,0.009187152777777778,0.3340299147611172,0.9124067182799457,3.6000000000000014,0.030993328876477558,"1.5D, 12x2x1 spins"
35,0.0972079078732987,0.005529945401051033,-0.43555798611111113,0.0005616392227927006,0.0020586805555555554,0.3285680443242113,0.914522848515357,3.7000000000000015,0.029177556689469406,"1.5D, 12x2x1 spins"
36,0.10257425877222981,0.005159870303810089,-0.42208680555555556,0.000557183533648279,0.008272222222222222,0.32905470454051694,0.9197063848015643,3.8000000000000016,0.028493946994801806,"1.5D, 12x2x1 spins"
37,0.10564106237064008,0.004757819780396654,-0.4071913194444445,0.0005491157300147745,0.004229513888888889,0.31797421768189293,0.925289052087995,3.9000000000000012,0.02592502643856713,"1.5D, 12x2x1 spins"
38,0.10153319185858933,0.004591923708737219,-0.39707013888888887,0.0005532897277094762,0.0042854166666666665,0.31509456769814664,0.9289862969041485,4.000000000000001,0.024821146648220476,"1.5D, 12x2x1 spins"
39,0.0978916647742476,0.00275723242359182,-0.3079034722222222,0.000535922482744718,0.002170833333333333,0.2856356183393807,0.9579303661619832,5.0,0.016317541292824075,"1.5D, 12x2x1 spins"
40,0.06298529330148717,0.0019143228175904489,-0.2568847222222222,0.0005358634332507803,0.0019354166666666667,0.27062366584276815,0.9714245240584981,6.0,0.01220619475236304,"1.5D, 12x2x1 spins"
41,0.06595116069282791,0.001365202682407309,-0.22162881944444446,0.0005279489012837026,0.012675347222222223,0.26043680129917174,0.9792962586929544,7.0,0.009689618210134893,"1.5D, 12x2x1 spins"
42,0.048634464266688604,0.001034971908275463,-0.19028333333333333,0.0005253509863386908,0.009119444444444444,0.2506947431669504,0.9853527735188589,8.0,0.007855981781442901,"1.5D, 12x2x1 spins"
43,0.055136326720099604,0.0008017889427925789,-0.16648784722222223,0.0005201969778006157,0.004576041666666667,0.24346275264606343,0.9894055770378638,9.0,0.0065860124362220294,"1.5D, 12x2x1 spins"
44,0.04825660793904818,0.0006440511111111111,-0.14858333333333332,0.0005180306436675139,0.00471875,0.2388323051274923,0.9921321565631057,10.0,0.005704086997251157,"1.5D, 12x2x1 spins"
45,0.04168672622541525,0.0002857861616941016,-0.10748611111111112,0.0005176153426484437,0.005467361111111111,0.22942768791276966,0.997073053120965,15.0,0.0035091375987332824,"1.5D, 12x2x1 spins"
46,0.039054566678544456,0.000157221515111099,-0.07270659722222222,0.0005118954486407598,0.0035940972222222225,0.21838160580093335,1.0,20.0,0.0023845262876097126,"1.5D, 12x2x1 spins"
0,0.6048469011552569,0.0005987959859374999,-1.10010325,7.738200584962935e-06,0.328603,0.08728448253269307,2.43696538560945,0.2,0.038092904455,"1.5D, 20x2x1 spins"
1,0.6666666666666667,0.0,-1.5,0.0,1.0,0.0,0.03309431022355856,0.30000000000000004,0.0,"1.5D, 20x2x1 spins"
2,0.6666666666666667,0.0,-1.5,0.0,1.0,0.0,0.03309431022355856,0.4000000000000001,0.0,"1.5D, 20x2x1 spins"
3,0.6666660013416638,1.889603099999999e-05,-1.4999685,3.436575170154473e-06,0.9999895000000001,0.0007244927535869491,0.033196561234581604,0.5000000000000001,1.0497794999999992e-06,"1.5D, 20x2x1 spins"
4,0.6666610027803516,0.00011167474375,-1.4997315,1.002534391648494e-05,0.9999105,0.002113525431595277,0.033823412229848346,0.6000000000000001,7.4449829166666684e-06,"1.5D, 20x2x1 spins"
5,0.6666316888161772,0.00042391716961096915,-1.498677375,2.278815111023742e-05,0.999529375,0.005293605775780343,0.036177001733384465,0.7000000000000002,4.003180301339285e-05,"1.5D, 20x2x1 spins"
6,0.666306959683086,0.0014446541415771472,-1.4946273749999999,4.807756654776165e-05,0.997473375,0.018414937309406597,0.04400233420963484,0.8000000000000003,0.0004238873951367187,"1.5D, 20x2x1 spins"
7,0.6659035650143679,0.002338152121431327,-1.488394375,6.880966416734747e-05,0.994595625,0.027076031482833208,0.05461826540599857,0.9000000000000001,0.0008145683120659722,"1.5D, 20x2x1 spins"
8,0.6583577389662078,0.005311556197984373,-1.470384125,0.00011523421233414219,0.5247881249999999,0.8255468370171279,0.08204508034173363,1.0000000000000002,0.6815275801089841,"1.5D, 20x2x1 spins"
9,0.6137966121548495,0.01172809467350206,-1.42087775,0.00018835491785796686,0.6877712500000001,0.5911719569409882,0.15022120015094625,1.1000000000000003,0.3177129842485796,"1.5D, 20x2x1 spins"
10,0.6219380299106352,0.013562552535416656,-1.391293,0.00022096450210560512,0.51796725,0.7399914968615772,0.1874060773688106,1.2000000000000004,0.45632284618953106,"1.5D, 20x2x1 spins"
11,0.5432065245928026,0.01703881263872041,-1.31457675,0.0002683079636751436,0.31836425,0.7309717021348621,0.27609049518178963,1.3000000000000003,0.41101509947841336,"1.5D, 20x2x1 spins"
12,0.4826690410968434,0.018002882434183666,-1.241923,0.00029700899727678483,0.146482,0.7020513415527386,0.3538395207402685,1.4000000000000004,0.35205434726857143,"1.5D, 20x2x1 spins"
13,0.4650886410884465,0.017136321521527772,-1.18812875,0.0003104706903054097,0.07357625,0.6785354157565672,0.4074264786782899,1.5000000000000004,0.3069402069572915,"1.5D, 20x2x1 spins"
14,0.3732342597386553,0.01632704175742187,-1.1165509999999998,0.0003232542783642951,0.05130225000000001,0.596317756439415,0.47411837063355433,1.6000000000000003,0.22224679165308586,"1.5D, 20x2x1 spins"
15,0.3205242749253243,0.015215415778460197,-1.0509005,0.00033155942729548425,0.0362815,0.5433280227061272,0.5315733426152098,1.7000000000000004,0.17365020015161753,"1.5D, 20x2x1 spins"
16,0.2864070331502452,0.014441634125921095,-0.9891758749999999,0.0003420197784687065,0.030845125,0.5067243920650893,0.5825005217588061,1.8000000000000005,0.14264978306318576,"1.5D, 20x2x1 spins"
17,0.24449537241925967,0.013592055571866334,-0.9237532500000001,0.0003502407860424229,0.04750025,0.46069099052394924,0.6335566793030927,1.9000000000000006,0.11170325723680914,"1.5D, 20x2x1 spins"
18,0.23397523181372137,0.012622613063964833,-0.8834156249999999,0.00035528361375915436,0.014289375000000002,0.4470176534680809,0.6634198473346825,2.000000000000001,0.09991239125605463,"1.5D, 20x2x1 spins"
19,0.1956740238424618,0.010939555129195007,-0.8316445,0.0003472879163196108,0.01395275,0.40530171880641896,0.6998756539685925,2.1000000000000005,0.07822356346068451,"1.5D, 20x2x1 spins"
20,0.17891596374147367,0.010460675140482947,-0.78787225,0.0003557730816630987,0.0030592500000000003,0.39122479597980175,0.729263644706176,2.200000000000001,0.06957129135883522,"1.5D, 20x2x1 spins"
21,0.1327728440315299,0.009523534348980971,-0.7460066249999999,0.0003548930213992873,0.002740625,0.3621975223888333,0.756121054100492,2.3000000000000007,0.05703784574983017,"1.5D, 20x2x1 spins"
22,0.1257587833734337,0.008977968873253033,-0.71178025,0.0003595595569339399,0.0146645,0.3578748767932027,0.7771425795494502,2.400000000000001,0.053364344766562474,"1.5D, 20x2x1 spins"
23,0.10065019638973804,0.008032691700797494,-0.6748801249999999,0.00035427548828950186,0.000381375,0.3307148481745405,0.7988804607156039,2.500000000000001,0.043748924321243735,"1.5D, 20x2x1 spins"
24,0.13195304434511135,0.007227520787812032,-0.644591375,0.0003494930710007569,0.009015125,0.3292981684905557,0.8160232984110347,2.600000000000001,0.04170664760432091,"1.5D, 20x2x1 spins"
25,0.08534111237622799,0.006766727921551348,-0.621582625,0.00035117506272525263,0.001767875,0.31871885081994195,0.8285540270767673,2.700000000000001,0.03762285402517939,"1.5D, 20x2x1 spins"
26,0.10863673587583444,0.0061006687112244865,-0.5949519999999999,0.00034579387743786634,0.015584500000000001,0.30754865202070064,0.8425295091156567,2.800000000000001,0.033780776199910705,"1.5D, 20x2x1 spins"
27,0.11805382376003093,0.005728013631374474,-0.5742803750000001,0.0003470328337191131,0.0020028750000000003,0.3090829293923143,0.8529968890408606,2.9000000000000012,0.03294215766956356,"1.5D, 20x2x1 spins"
28,0.09261348311544193,0.005208934065331593,-0.549464125,0.0003423467678732115,0.000586375,0.2874405806673083,0.8651367428782123,3.000000000000001,0.02754069580478645,"1.5D, 20x2x1 spins"
29,0.08415106791492988,0.0049001610920899425,-0.528979875,0.0003431131949577607,0.002867625,0.2861114432819131,0.874828700294186,3.100000000000001,0.026406373540922377,"1.5D, 20x2x1 spins"
30,0.08978929366106192,0.004564125503900144,-0.51088025,0.0003418214519374205,0.00342625,0.280644055363618,0.8831203891624085,3.200000000000001,0.024612839315917956,"1.5D, 20x2x1 spins"
31,0.09958659565792594,0.004334649153719007,-0.49665400000000004,0.0003435274635859491,0.000492,0.2774812298805092,0.8894370043193878,3.300000000000001,0.02333207058666666,"1.5D, 20x2x1 spins"
32,0.0722931941359195,0.00397967467954017,-0.478245875,0.00033913549765679995,0.006941124999999999,0.26738385709263446,0.8973663261265216,3.4000000000000012,0.021027684421686576,"1.5D, 20x2x1 spins"
33,0.05668768363075727,0.0038255977636721897,-0.465323875,0.0003422852968073883,0.001164625,0.2661322507675637,0.9027710860717625,3.5000000000000013,0.02023610711388839,"1.5D, 20x2x1 spins"
34,0.07298421464406168,0.0035072927175733015,-0.4478555,0.00033710023456057605,0.000352,0.2593185562122387,0.9098715193929017,3.6000000000000014,0.018679475998888882,"1.5D, 20x2x1 spins"
35,0.08133370926943528,0.0032322390505375694,-0.43563237499999996,0.0003326013500630952,0.007215874999999999,0.25692051280110817,0.9147037252974872,3.7000000000000015,0.01784004051296874,"1.5D, 20x2x1 spins"
36,0.08156707992808765,0.00301937586243832,-0.42097662500000005,0.0003301510883419533,0.0032016250000000005,0.24826665270905673,0.9203430686062111,3.8000000000000016,0.01622008706509457,"1.5D, 20x2x1 spins"
37,0.05751469066957671,0.002896199605259694,-0.41149800000000003,0.00033185578993090236,0.0033320000000000003,0.24721007822497848,0.9238955548636667,3.9000000000000012,0.015669954557948708,"1.5D, 20x2x1 spins"
38,0.07667793995140193,0.002815602117577147,-0.39556887500000004,0.00033559553969622657,0.002326875,0.24687183801060492,0.9297144289079387,4.000000000000001,0.015236426100683587,"1.5D, 20x2x1 spins"
39,0.049463656889252694,0.001652634885499375,-0.308706125,0.0003213875208662547,0.005177625,0.2204499624616874,0.9579106321071086,5.0,0.009719637189871875,"1.5D, 20x2x1 spins"
40,0.025658704303845092,0.0011078824847113708,-0.254560625,0.0003157683848934304,0.004080625,0.20910919336463757,0.9722317969021251,6.0,0.007287775791601564,"1.5D, 20x2x1 spins"
41,0.027763364512229716,0.0008115155975306121,-0.218561,0.00031529495591393946,0.00278425,0.20100273120516915,0.9802695855449549,7.0,0.005771728278848213,"1.5D, 20x2x1 spins"
42,0.03546342623236587,0.0006053606745302733,-0.18953975,0.0003112200990773554,0.00712525,0.19638554125097268,0.9858770159184459,8.0,0.004820910101554688,"1.5D, 20x2x1 spins"
43,0.03781264615905788,0.000474728761357253,-0.16714774999999998,0.0003100529221066623,0.0044685,0.1879176215998649,0.9896907802590359,9.0,0.0039236702786388895,"1.5D, 20x2x1 spins"
44,0.06002455612332591,0.0003839345765173437,-0.151877125,0.0003098126596655568,0.003623875,0.18521308344710527,0.9920162593935732,10.0,0.0034303886279984388,"1.5D, 20x2x1 spins"
45,0.028014950127708382,0.00017365166622222225,-0.10499,0.00031253688814005,0.00121875,0.17670332381830708,0.9976532446201599,15.0,0.0020816043098958333,"1.5D, 20x2x1 spins"
46,0.04071513067425314,9.523223888402344e-05,-0.07710462500000001,0.0003085975971475083,0.000528375,0.1699258354984885,1.0,20.0,0.0014437394784929686,"1.5D, 20x2x1 spins"
0,0.03256331491249553,7.812109375000014e-07,-1.2999987499999999,1.976375361634138e-07,0.017227812500000002,0.02376051033679293,0.9167536908380309,0.2,0.0028228092573242174,"1.5D, 40x2x1 spins"
1,0.6365509700469312,0.008224205342881943,-1.391895625,3.0417499200370514e-05,0.688654375,0.11411324657268926,0.3643404998559758,0.30000000000000004,0.04340611014453126,"1.5D, 40x2x1 spins"
2,0.09745493707727682,0.00010660202907714842,-1.3993176875,4.617405382459967e-06,0.07750925,0.20628992168653687,0.33310949596704936,0.4000000000000001,0.10638882947359375,"1.5D, 40x2x1 spins"
3,0.6501101674458998,0.004118748680589843,-1.48867540625,3.587632327277338e-05,0.9540730937499999,0.13987953433599148,0.04304863612905325,0.5000000000000001,0.03913256825210764,"1.5D, 40x2x1 spins"
4,0.6666636969341564,5.2491700626627545e-05,-1.49975184375,4.860174359897072e-06,0.99991496875,0.001513931450404357,0.013752113467115032,0.6000000000000001,3.819980727539066e-06,"1.5D, 40x2x1 spins"
5,0.6666443477207036,0.0002249213639807874,-1.49861415625,1.1737312624441208e-05,0.9994869062499999,0.004181807749491952,0.016292276501199614,0.7000000000000002,2.498216579101562e-05,"1.5D, 40x2x1 spins"
6,0.6340703705680576,0.003805978552366636,-1.47390121875,5.517958542682811e-05,0.9128440937500001,0.19703877800319208,0.06404214129188962,0.8000000000000003,0.048530350046239,"1.5D, 40x2x1 spins"
7,0.6213390874650033,0.0035772360104118417,-1.4666025624999999,6.0182688441004156e-05,0.8861715625000001,0.23168028064837237,0.07647307865365943,0.9000000000000001,0.05963972493478731,"1.5D, 40x2x1 spins"
8,0.6340533141877687,0.003969268934374021,-1.45544996875,7.043857160645715e-05,0.56998034375,0.7314376580286132,0.09345674766628763,1.0000000000000002,0.5350010475823822,"1.5D, 40x2x1 spins"
9,0.5759243006208465,0.005800181451148467,-1.41268321875,9.366314862764238e-05,0.33210934375,0.7662790666674213,0.15235160861804675,1.1000000000000003,0.5338032800115401,"1.5D, 40x2x1 spins"
10,0.44895949269092783,0.0074814157542426145,-1.3457146249999998,0.00011604553068017399,0.09465918749999999,0.6841388958733747,0.23652399256743892,1.2000000000000004,0.3900383573723667,"1.5D, 40x2x1 spins"
11,0.3914043132843018,0.007272643282985852,-1.3009379375,0.00012394949834370163,0.075169,0.6168199110672417,0.288286095935776,1.3000000000000003,0.29266677129923063,"1.5D, 40x2x1 spins"
12,0.36675410134429154,0.007721011962619575,-1.236730875,0.00013753727841587772,0.11641900000000001,0.5523225259655812,0.35699605988598304,1.4000000000000004,0.21790012334928574,"1.5D, 40x2x1 spins"
13,0.21877578098393624,0.007728194429789928,-1.1702513125,0.0001474298952154945,0.048399937500000004,0.43582574906721144,0.4232194484344906,1.5000000000000004,0.12662938903333062,"1.5D, 40x2x1 spins"
14,0.18591454857461776,0.007914364363525007,-1.10322996875,0.00015914143904331474,0.03161321875,0.4184887063816832,0.4856659519369286,1.6000000000000003,0.10945799835563413,"1.5D, 40x2x1 spins"
15,0.12567554526305558,0.00749200374767382,-1.0452413125,0.00016451412513700275,0.0037700625,0.3799754483071848,0.5364155520176228,1.7000000000000004,0.08493020077426239,"1.5D, 40x2x1 spins"
16,0.15399044716165322,0.006906342487634725,-0.97936296875,0.0001672444977819097,0.02738553125,0.3486769377187216,0.590769842770133,1.8000000000000005,0.06754200383161402,"1.5D, 40x2x1 spins"
17,0.148072203172808,0.006667594887820016,-0.9315364687500001,0.00017345765921612477,0.00580559375,0.3362391107715757,0.6280938926503055,1.9000000000000006,0.05950354716445258,"1.5D, 40x2x1 spins"
18,0.1109571346550513,0.005998864896749018,-0.8827360625,0.0001731888044207754,0.0013029374999999998,0.3126986856046426,0.6642223144860876,2.000000000000001,0.04889023398943554,"1.5D, 40x2x1 spins"
19,0.10852817369849721,0.005737451432412131,-0.83883175,0.00017784189763901976,0.0036349375,0.29916401706149603,0.6951385274695752,2.1000000000000005,0.042618623383033835,"1.5D, 40x2x1 spins"
20,0.10377678920514799,0.005179108341373964,-0.7859655,0.00017701311994416767,0.0123254375,0.2676658612485605,0.730632084810831,2.200000000000001,0.03256591512633346,"1.5D, 40x2x1 spins"
21,0.05542208746683208,0.004783828034918291,-0.7520605312499999,0.00017785697181239553,0.010428281250000001,0.25746716449660306,0.7523826170486808,2.3000000000000007,0.028821452519096024,"1.5D, 40x2x1 spins"
22,0.07639696555819864,0.004328070698328822,-0.7164380312499999,0.00017652803737835105,0.016303843749999998,0.2491984390455237,0.7742616296611914,2.400000000000001,0.025874942509468982,"1.5D, 40x2x1 spins"
23,0.06948668100067457,0.00402965206219234,-0.68040821875,0.0001774308205695893,0.013149593749999999,0.2428119673028081,0.7954868093201709,2.500000000000001,0.023583060586183965,"1.5D, 40x2x1 spins"
24,0.07369457760629794,0.0036359004788332925,-0.6534468437500001,0.0001752809101139886,0.01133553125,0.23663222772908657,0.8107464181079435,2.600000000000001,0.021536465846165483,"1.5D, 40x2x1 spins"
25,0.03843658245315362,0.0033015789168422856,-0.6179164687500001,0.00017345222825556234,0.01723321875,0.2212565636377024,0.8300965126813874,2.700000000000001,0.0181312840565795,"1.5D, 40x2x1 spins"
26,0.026977345635454397,0.0030660361654923406,-0.59260559375,0.00017334125873782888,0.00526609375,0.21443714181052265,0.8433794032989028,2.800000000000001,0.01642260278138078,"1.5D, 40x2x1 spins"
27,0.05937830363679075,0.0028745900973514344,-0.57419984375,0.00017383660768769248,0.00724290625,0.2051426268241287,0.8526994242483115,2.9000000000000012,0.014511550807001278,"1.5D, 40x2x1 spins"
28,0.05805530829821759,0.002650698306371092,-0.5501711874999999,0.00017268582229634932,0.013785625000000001,0.20657190480764648,0.8644539953371331,3.000000000000001,0.014223983951953116,"1.5D, 40x2x1 spins"
29,0.08908310140444975,0.002446868384100118,-0.5308317812500001,0.00017144399436931786,0.0047391562499999994,0.20282134362361398,0.8736042791808284,3.100000000000001,0.013269837880415507,"1.5D, 40x2x1 spins"
30,0.04651026614098985,0.0022496827666378,-0.5136490625000001,0.00016969376950239844,0.004771124999999999,0.1966979135088483,0.8814759205979944,3.200000000000001,0.012090646618354486,"1.5D, 40x2x1 spins"
31,0.04004035784979598,0.002094634511883661,-0.48760684374999996,0.00016885866259856578,0.00179965625,0.1910241627874124,0.8930389589023698,3.300000000000001,0.011057645687464191,"1.5D, 40x2x1 spins"
32,0.052607827558789566,0.001951601042706445,-0.47578296875000003,0.00016793055206824648,0.00161615625,0.1873881785098131,0.8981321071661024,3.4000000000000012,0.010327743954478108,"1.5D, 40x2x1 spins"
33,0.05445409428422443,0.001825662411431679,-0.45529684374999996,0.00016719895519832316,0.00197653125,0.18254296252654542,0.9067006405071641,3.5000000000000013,0.009520552333705074,"1.5D, 40x2x1 spins"
34,0.01767599898190164,0.0017455800975281499,-0.4486078125,0.00016816192472732112,0.0035826875,0.18253915326657277,0.9094195551385273,3.6000000000000014,0.009255706243132591,"1.5D, 40x2x1 spins"
35,0.02101920793215939,0.0016221383318298006,-0.42919650000000004,0.0001666099543905874,0.0050629375,0.1806269146303261,0.917093489494779,3.7000000000000015,0.008817860078073269,"1.5D, 40x2x1 spins"
36,0.05018197093040233,0.0015251998881940754,-0.41693859375000003,0.00016592134399849999,0.004827593749999999,0.17708400141552866,0.9218101734986615,3.8000000000000016,0.008252300936140773,"1.5D, 40x2x1 spins"
37,0.01690368755568561,0.0014635737468349347,-0.408763625,0.0001668119619346512,0.003324375,0.1770136561634705,0.9248740634763222,3.9000000000000012,0.008034316530348553,"1.5D, 40x2x1 spins"
38,0.034415992967288256,0.0013560212595153797,-0.39436593750000004,0.00016468290467101153,0.003307125,0.1720645013119626,0.9301335067973638,4.000000000000001,0.007401548152933594,"1.5D, 40x2x1 spins"
39,-0.0011493762275929242,0.0008215097884774998,-0.30991175000000004,0.00016022550664668875,0.0004898125,0.15486747587442254,0.9575478752322891,5.0,0.004796787016742968,"1.5D, 40x2x1 spins"
40,0.010879631446286564,0.0005732667391707628,-0.25820459375000004,0.00016061455571951972,0.00015059374999999998,0.14528375783366998,0.9712241125140192,6.0,0.0035178950483787438,"1.5D, 40x2x1 spins"
41,0.013801096758414788,0.0004055036147397958,-0.2211595,0.00015759799316368784,0.0009025,0.14080382916046708,0.9794953273896274,7.0,0.002832245472321428,"1.5D, 40x2x1 spins"
42,0.003117828587737126,0.0003060624947357025,-0.19035159375,0.00015647693179872852,4.365625e-05,0.13378056473337913,0.9854479720637854,8.0,0.0022371549375477307,"1.5D, 40x2x1 spins"
43,0.021325610471893075,0.00023827554101696336,-0.16963803125000002,0.00015532362564900872,0.00064115625,0.13553626364339946,0.9889758680100645,9.0,0.0020411198624903427,"1.5D, 40x2x1 spins"
44,0.010318399909330922,0.0001952825813485938,-0.15115162499999998,0.00015623812972995966,0.0011403125,0.12984831174259584,0.9917910607089198,10.0,0.0016860584062402349,"1.5D, 40x2x1 spins"
45,0.006528602128654026,8.497812954964846e-05,-0.10291971875000001,0.0001545966649413875,0.00291184375,0.12170587012229765,0.9975897217055446,15.0,0.0009874879214817058,"1.5D, 40x2x1 spins"
46,0.011648556698681478,4.7487801921325705e-05,-0.07427953125,0.00015409065721378487,0.00109040625,0.12009709320154238,1.0,20.0,0.000721165589772998,"1.5D, 40x2x1 spins"
